{
  "2": [
    "2026-02-25T08:00:00Z ERROR service=gateway host=srv-02 region=eu-central-1 db timeout query=SELECT * FROM orders WHERE id=? duration_ms=930 pool=77/80 trace=2d1026706d7e805da846a32c db=postgres",
    "2026-02-25T08:07:13Z WARN service=orders host=srv-03 region=eu-central-1 cache evictions increased backend=redis evict_rate_s=4 mem_pct=86 shard=redis-1",
    "2026-02-25T08:49:31Z WARN service=payments host=srv-07 region=eu-central-1 cache evictions increased backend=redis evict_rate_s=10 mem_pct=59 shard=redis-2",
    "2026-02-25T08:24:36Z INFO service=profile host=srv-09 region=eu-west-1 cache evictions increased backend=redis evict_rate_s=8 mem_pct=77 shard=redis-1"
  ],
  "4": [
    "2026-02-25T08:14:26Z ERROR service=auth host=srv-01 region=eu-west-1 fsync slow path=/var/log/app.log duration_ms=258 device=nvme0n1 fs=xfs build=2026.2.7",
    "2026-02-25T08:03:57Z ERROR service=payments host=srv-11 region=us-east-1 fsync slow path=/var/lib/postgres/base/12345 duration_ms=10 device=nvme0n1 fs=ext4 span=f7e4c6428d",
    "2026-02-25T08:55:25Z CRITICAL service=orders host=srv-11 region=eu-central-1 io error path=/var/lib/data/tmp.bin errno=EIO op=write bytes=8192 trace=18c1266f6a90663f76c7a9ce fs=xfs req_id=8ffe5b54f511",
    "2026-02-25T08:05:35Z ERROR service=auth host=srv-01 region=eu-central-1 disk nearly full mount=/var usage_pct=99 free_mb=4683 inode_pct=86 fs=xfs build=2026.2.6"
  ],
  "0": [
    "2026-02-25T08:21:39Z ERROR service=profile host=srv-10 region=us-east-1 p99 latency breached route=/v1/cart p99_ms=822 threshold_ms=1200 region=us-east-1 proto=http/1.1",
    "2026-02-25T08:56:44Z ERROR service=profile host=srv-05 region=eu-west-1 p99 latency breached route=/v1/login p99_ms=948 threshold_ms=800 region=eu-west-1 proto=http/2",
    "2026-02-25T08:17:23Z WARN service=search host=srv-11 region=eu-west-1 cache latency high backend=redis latency_ms=168 cmd=MGET trace=52eb9d8e96cf37cb990c801f shard=redis-2",
    "2026-02-25T08:59:41Z ERROR service=auth host=srv-07 region=us-east-1 upstream timeout service=orders route=/v1/order latency_ms=901 code=504 trace=0a3a4419f4fe020864d39793 proto=http/1.1"
  ],
  "3": [
    "2026-02-25T08:28:52Z ERROR service=search host=srv-01 region=eu-central-1 auth denied user=user0411 ip=10.3.4.36 method=POST /v1/login code=401 ua=curl/7.88.1 build=2026.2.3",
    "2026-02-25T08:42:18Z ERROR service=search host=srv-08 region=eu-central-1 auth denied user=user0343 ip=10.3.4.46 method=POST /v1/login code=401 ua=Mozilla/5.0 build=2026.2.8",
    "2026-02-25T08:38:02Z ERROR service=payments host=srv-05 region=us-east-1 auth denied user=user0180 ip=10.1.1.7 method=POST /v1/login code=401 ua=Mozilla/5.0 req_id=c7b2c1d0e2ad",
    "2026-02-25T08:19:01Z ERROR service=gateway host=srv-01 region=eu-central-1 auth denied user=user0376 ip=10.2.4.30 method=POST /v1/login code=401 ua=curl/7.88.1"
  ],
  "1": [
    "2026-02-25T08:35:05Z ERROR service=auth host=srv-05 region=us-east-1 login failed for user0420 ip=10.1.5.41 reason=invalid_password attempts=12 ua=curl/7.88.1",
    "2026-02-25T08:10:10Z ERROR service=orders host=srv-01 region=eu-west-1 rate_limit triggered ip=10.3.4.26 bucket=login attempts=23 window=60s ua=Mozilla/5.0",
    "2026-02-25T08:31:49Z ERROR service=profile host=srv-10 region=eu-central-1 rate_limit triggered ip=10.3.3.30 bucket=login attempts=25 window=60s ua=Mozilla/5.0",
    "2026-02-25T08:45:15Z ERROR service=auth host=srv-04 region=eu-west-1 rate_limit triggered ip=10.2.4.6 bucket=login attempts=12 window=60s ua=curl/7.88.1 build=2026.2.5"
  ]
}